TIMESTAMP,TRACK_ID,OBJECT_TYPE,X,Y,CITY_NAME
315967493.5150783,00000000-0000-0000-0000-000000000000,AV,125.25033116056716,3437.3371715521544,MIA
315967493.5150783,00000000-0000-0000-0000-000000006438,OTHERS,115.36711551074758,3387.0449118254633,MIA
315967493.5150783,00000000-0000-0000-0000-000000006434,OTHERS,114.846370049596,3408.7246436950627,MIA
315967493.5150783,00000000-0000-0000-0000-000000006441,OTHERS,117.54427787910583,3418.4455827132697,MIA
315967493.5150783,00000000-0000-0000-0000-000000006471,OTHERS,124.93088203842926,3403.657672339072,MIA
315967493.5150783,00000000-0000-0000-0000-000000006488,OTHERS,112.05200526343752,3470.4459779766803,MIA
315967493.5150783,00000000-0000-0000-0000-000000006462,OTHERS,116.09259887103217,3452.35024810534,MIA
315967493.5150783,00000000-0000-0000-0000-000000006489,OTHERS,114.28442964549559,3507.4900733636046,MIA
315967493.5150783,00000000-0000-0000-0000-000000006047,OTHERS,123.9857088173549,3417.278334386577,MIA
315967493.5150783,00000000-0000-0000-0000-000000006486,OTHERS,112.3703617839107,3473.5515329806904,MIA
315967493.5150783,00000000-0000-0000-0000-000000006475,AGENT,126.01994076690508,3393.307481875475,MIA
315967493.5150783,00000000-0000-0000-0000-000000006469,OTHERS,113.43379267119305,3434.454004696675,MIA
315967493.5150783,00000000-0000-0000-0000-000000006476,OTHERS,115.63991026091671,3472.698953310485,MIA
315967493.6160782,00000000-0000-0000-0000-000000000000,AV,125.27165014419347,3438.4531641672606,MIA
315967493.6160782,00000000-0000-0000-0000-000000006047,OTHERS,123.90372548934515,3418.53001475175,MIA
315967493.6160782,00000000-0000-0000-0000-000000006475,AGENT,125.9789792612269,3394.3029319265,MIA
315967493.6160782,00000000-0000-0000-0000-000000006486,OTHERS,112.3703617839107,3473.5515329806904,MIA
315967493.6160782,00000000-0000-0000-0000-000000006469,OTHERS,113.44037724060983,3433.2792229285888,MIA
315967493.6160782,00000000-0000-0000-0000-000000006462,OTHERS,116.14161316923337,3450.885827370133,MIA
315967493.6160782,00000000-0000-0000-0000-000000006476,OTHERS,115.64782677037009,3471.6960243569397,MIA
315967493.6160782,00000000-0000-0000-0000-000000006471,OTHERS,124.8749992055862,3405.620738024187,MIA
315967493.6160782,00000000-0000-0000-0000-000000006488,OTHERS,112.22693133595905,3469.0842878569483,MIA
315967493.6160782,00000000-0000-0000-0000-000000006441,OTHERS,117.60451957451971,3416.908091281596,MIA
315967493.6160782,00000000-0000-0000-0000-000000006434,OTHERS,114.846370049596,3408.7246436950627,MIA
315967493.6160782,00000000-0000-0000-0000-000000006489,OTHERS,114.28442964549559,3507.4900733636046,MIA
315967493.6160782,00000000-0000-0000-0000-000000006438,OTHERS,115.30467809228304,3385.5195688226995,MIA
315967493.71625465,00000000-0000-0000-0000-000000000000,AV,125.3322991561558,3439.531516379189,MIA
315967493.71625465,00000000-0000-0000-0000-000000006047,OTHERS,123.9001834685727,3419.5024100458863,MIA
315967493.71625465,00000000-0000-0000-0000-000000006438,OTHERS,115.4306058962835,3383.967386767799,MIA
315967493.71625465,00000000-0000-0000-0000-000000006434,OTHERS,114.846370049596,3408.7246436950627,MIA
315967493.71625465,00000000-0000-0000-0000-000000006441,OTHERS,117.66533488648459,3415.6934486469877,MIA
315967493.71625465,00000000-0000-0000-0000-000000006471,OTHERS,124.71773763437555,3406.547259220692,MIA
315967493.71625465,00000000-0000-0000-0000-000000006462,OTHERS,116.23790055173521,3449.384290890161,MIA
315967493.71625465,00000000-0000-0000-0000-000000006489,OTHERS,114.28442964549559,3507.4900733636046,MIA
315967493.71625465,00000000-0000-0000-0000-000000006469,OTHERS,113.46057927403143,3431.6274725990816,MIA
315967493.71625465,00000000-0000-0000-0000-000000006488,OTHERS,112.32453659352771,3467.926870931764,MIA
315967493.71625465,00000000-0000-0000-0000-000000006475,AGENT,128.66100849531855,3396.452832862745,MIA
315967493.71625465,00000000-0000-0000-0000-000000006476,OTHERS,115.72865398777296,3470.0511626721363,MIA
315967493.81762046,00000000-0000-0000-0000-000000000000,AV,125.39510761514316,3440.7175223878835,MIA
315967493.81762046,00000000-0000-0000-0000-000000006047,OTHERS,123.91162530522956,3420.7025915466966,MIA
315967493.81762046,00000000-0000-0000-0000-000000006434,OTHERS,114.846370049596,3408.7246436950627,MIA
315967493.81762046,00000000-0000-0000-0000-000000006489,OTHERS,114.28442964549559,3507.4900733636046,MIA
315967493.81762046,00000000-0000-0000-0000-000000006438,OTHERS,115.43060589797386,3383.967386778635,MIA
315967493.81762046,00000000-0000-0000-0000-000000006462,OTHERS,116.26628339698635,3448.101670529245,MIA
315967493.81762046,00000000-0000-0000-0000-000000006475,AGENT,128.62964809833116,3398.1719113492272,MIA
315967493.81762046,00000000-0000-0000-0000-000000006469,OTHERS,113.58568636553379,3430.250827758039,MIA
315967493.81762046,00000000-0000-0000-0000-000000006476,OTHERS,115.82627623481537,3468.694464404582,MIA
315967493.81762046,00000000-0000-0000-0000-000000006471,OTHERS,124.67360074006191,3407.503311526189,MIA
315967493.81762046,00000000-0000-0000-0000-000000006488,OTHERS,112.33338952750263,3466.886773466087,MIA
315967493.81762046,00000000-0000-0000-0000-000000006441,OTHERS,117.70768965500021,3414.4292502370563,MIA
315967493.9159134,00000000-0000-0000-0000-000000000000,AV,125.449013310331,3441.802360060177,MIA
315967493.9159134,00000000-0000-0000-0000-000000006047,OTHERS,123.79964927925049,3421.7801288177666,MIA
315967493.9159134,00000000-0000-0000-0000-000000006491,OTHERS,109.44100213669428,3546.3388495836243,MIA
315967493.9159134,00000000-0000-0000-0000-000000006494,OTHERS,125.8567884878734,3397.2472881596086,MIA
315967493.9159134,00000000-0000-0000-0000-000000006438,OTHERS,115.43060589966616,3383.9673867894708,MIA
315967493.9159134,00000000-0000-0000-0000-000000006495,OTHERS,114.2602815979048,3502.548450703204,MIA
315967493.9159134,00000000-0000-0000-0000-000000006475,AGENT,128.62964809833116,3398.1719113492272,MIA
315967493.9159134,00000000-0000-0000-0000-000000006490,OTHERS,116.12979048232798,3521.279932260187,MIA
315967493.9159134,00000000-0000-0000-0000-000000006469,OTHERS,113.69438942713724,3429.1194994625457,MIA
315967493.9159134,00000000-0000-0000-0000-000000006476,OTHERS,115.866270911615,3467.2742227782146,MIA
315967493.9159134,00000000-0000-0000-0000-000000006471,OTHERS,124.59878207825554,3408.4829689982757,MIA
315967493.9159134,00000000-0000-0000-0000-000000006496,OTHERS,111.43075613616905,3466.9032780161706,MIA
315967493.9159134,00000000-0000-0000-0000-000000006462,OTHERS,116.3569259995144,3446.6794793186355,MIA
315967493.9159134,00000000-0000-0000-0000-000000006488,OTHERS,112.36999612392822,3465.8997297019487,MIA
315967493.9159134,00000000-0000-0000-0000-000000006441,OTHERS,117.8618754411312,3413.1575351282204,MIA
315967494.01604146,00000000-0000-0000-0000-000000000000,AV,125.4990443556463,3442.887619440485,MIA
315967494.01604146,00000000-0000-0000-0000-000000006047,OTHERS,123.7357777548238,3422.8459181384333,MIA
315967494.01604146,00000000-0000-0000-0000-000000006438,OTHERS,115.4306059013575,3383.9673868003083,MIA
315967494.01604146,00000000-0000-0000-0000-000000006494,OTHERS,125.84271515892875,3398.007320011177,MIA
315967494.01604146,00000000-0000-0000-0000-000000006495,OTHERS,114.4247874107391,3501.3933525082252,MIA
315967494.01604146,00000000-0000-0000-0000-000000006491,OTHERS,109.605426501041,3545.0206804715613,MIA
315967494.01604146,00000000-0000-0000-0000-000000006471,OTHERS,124.72015932984873,3410.0747426305725,MIA
315967494.01604146,00000000-0000-0000-0000-000000006475,AGENT,128.44282292213012,3401.3809352775183,MIA
315967494.01604146,00000000-0000-0000-0000-000000006490,OTHERS,116.29146374201605,3519.8004784796117,MIA
315967494.01604146,00000000-0000-0000-0000-000000006469,OTHERS,113.70962412502571,3427.7326868584005,MIA
315967494.01604146,00000000-0000-0000-0000-000000006476,OTHERS,115.89207468286249,3465.960101675988,MIA
315967494.01604146,00000000-0000-0000-0000-000000006496,OTHERS,111.47693468115513,3466.9052413727704,MIA
315967494.01604146,00000000-0000-0000-0000-000000006462,OTHERS,116.38518436024401,3445.454990625111,MIA
315967494.01604146,00000000-0000-0000-0000-000000006488,OTHERS,112.28898606704391,3464.890901716692,MIA
315967494.01604146,00000000-0000-0000-0000-000000006441,OTHERS,117.7901110501904,3411.6462261037345,MIA
315967494.11546534,00000000-0000-0000-0000-000000000000,AV,125.54495214683428,3443.970668819054,MIA
315967494.11546534,00000000-0000-0000-0000-000000006047,OTHERS,123.71784313855645,3424.319967387533,MIA
315967494.11546534,00000000-0000-0000-0000-000000006494,OTHERS,125.37115284881592,3398.4987896140087,MIA
315967494.11546534,00000000-0000-0000-0000-000000006495,OTHERS,114.53297058908842,3499.916740441778,MIA
315967494.11546534,00000000-0000-0000-0000-000000006471,OTHERS,124.64847827421715,3411.084942944466,MIA
315967494.11546534,00000000-0000-0000-0000-000000006491,OTHERS,109.5766747811172,3543.853817493039,MIA
315967494.11546534,00000000-0000-0000-0000-000000006475,AGENT,128.55078643254765,3403.129792462704,MIA
315967494.11546534,00000000-0000-0000-0000-000000006490,OTHERS,116.27536798922544,3518.489597164248,MIA
315967494.11546534,00000000-0000-0000-0000-000000006469,OTHERS,113.69327787438554,3426.065222210993,MIA
315967494.11546534,00000000-0000-0000-0000-000000006476,OTHERS,115.99976444476728,3464.5073441638733,MIA
315967494.11546534,00000000-0000-0000-0000-000000006496,OTHERS,111.47693468115513,3466.9052413727704,MIA
315967494.11546534,00000000-0000-0000-0000-000000006462,OTHERS,116.50579737429408,3443.944126704936,MIA
315967494.11546534,00000000-0000-0000-0000-000000006488,OTHERS,112.3445141440037,3463.5932257857075,MIA
315967494.11546534,00000000-0000-0000-0000-000000006441,OTHERS,117.78419627166616,3410.4335042940165,MIA
315967494.21725017,00000000-0000-0000-0000-000000000000,AV,125.59031650449984,3445.167760038961,MIA
315967494.21725017,00000000-0000-0000-0000-000000006047,OTHERS,123.71100793036226,3425.372158811052,MIA
315967494.21725017,00000000-0000-0000-0000-000000006494,OTHERS,125.37115285085194,3398.498789625107,MIA
315967494.21725017,00000000-0000-0000-0000-000000006495,OTHERS,114.51743852821801,3498.9697198040203,MIA
315967494.21725017,00000000-0000-0000-0000-000000006471,OTHERS,124.68049253597158,3412.0355150162163,MIA
315967494.21725017,00000000-0000-0000-0000-000000006491,OTHERS,109.5766747811172,3543.853817493039,MIA
315967494.21725017,00000000-0000-0000-0000-000000006475,AGENT,128.5399534559748,3404.7920383497335,MIA
315967494.21725017,00000000-0000-0000-0000-000000006490,OTHERS,116.46336804868903,3517.432281915429,MIA
315967494.21725017,00000000-0000-0000-0000-000000006469,OTHERS,113.8298060018475,3424.7381867661925,MIA
315967494.21725017,00000000-0000-0000-0000-000000006476,OTHERS,116.01635604192856,3463.020745470554,MIA
315967494.21725017,00000000-0000-0000-0000-000000006496,OTHERS,111.47693468115513,3466.9052413727704,MIA
315967494.21725017,00000000-0000-0000-0000-000000006462,OTHERS,116.44430694027443,3442.2506438742216,MIA
315967494.21725017,00000000-0000-0000-0000-000000006488,OTHERS,112.38346762911205,3462.2148387649336,MIA
315967494.21725017,00000000-0000-0000-0000-000000006441,OTHERS,117.82428830773969,3408.818287104404,MIA
315967494.3156549,00000000-0000-0000-0000-000000000000,AV,125.62629527084421,3446.251414971236,MIA
315967494.3156549,00000000-0000-0000-0000-000000006047,OTHERS,123.69529146192804,3426.5549551083172,MIA
315967494.3156549,00000000-0000-0000-0000-000000006494,OTHERS,125.37115285288813,3398.498789636206,MIA
315967494.3156549,00000000-0000-0000-0000-000000006495,OTHERS,114.6230872198315,3497.277869290999,MIA
315967494.3156549,00000000-0000-0000-0000-000000006471,OTHERS,124.48561277496302,3412.8352265823346,MIA
315967494.3156549,00000000-0000-0000-0000-000000006491,OTHERS,109.6502287956604,3541.2598504178227,MIA
315967494.3156549,00000000-0000-0000-0000-000000006475,AGENT,128.31685046768985,3406.5015349380574,MIA
315967494.3156549,00000000-0000-0000-0000-000000006490,OTHERS,116.51451139209836,3516.4081371449897,MIA
315967494.3156549,00000000-0000-0000-0000-000000006469,OTHERS,113.95754222489019,3423.4062205048835,MIA
315967494.3156549,00000000-0000-0000-0000-000000006476,OTHERS,116.09029014859337,3461.752487056944,MIA
315967494.3156549,00000000-0000-0000-0000-000000006496,OTHERS,111.47693468115513,3466.9052413727704,MIA
315967494.3156549,00000000-0000-0000-0000-000000006462,OTHERS,116.64176087787077,3441.236351278316,MIA
315967494.3156549,00000000-0000-0000-0000-000000006488,OTHERS,112.47298274452257,3460.860190783279,MIA
315967494.3156549,00000000-0000-0000-0000-000000006441,OTHERS,117.88523034956678,3408.033604422326,MIA
315967494.4149496,00000000-0000-0000-0000-000000000000,AV,125.65714996949222,3447.33637476078,MIA
315967494.4149496,00000000-0000-0000-0000-000000006047,OTHERS,123.61564756394907,3427.5712126250232,MIA
315967494.4149496,00000000-0000-0000-0000-000000006441,OTHERS,118.04984180916901,3406.2087968137025,MIA
315967494.4149496,00000000-0000-0000-0000-000000006462,OTHERS,116.70061372071324,3439.7363752935194,MIA
315967494.4149496,00000000-0000-0000-0000-000000006471,OTHERS,124.40730941862186,3413.947502264379,MIA
315967494.4149496,00000000-0000-0000-0000-000000006476,OTHERS,116.12154300781592,3460.124793616595,MIA
315967494.4149496,00000000-0000-0000-0000-000000006494,OTHERS,125.60079972374676,3402.1369849698845,MIA
315967494.4149496,00000000-0000-0000-0000-000000006475,AGENT,128.2145371559855,3407.996941009157,MIA
315967494.4149496,00000000-0000-0000-0000-000000006495,OTHERS,114.76484451539696,3496.077963869191,MIA
315967494.4149496,00000000-0000-0000-0000-000000006491,OTHERS,109.60806379554786,3540.0854337421333,MIA
315967494.4149496,00000000-0000-0000-0000-000000006488,OTHERS,112.55386771140527,3459.4981255712073,MIA
315967494.4149496,00000000-0000-0000-0000-000000006469,OTHERS,113.96685437328327,3421.924241904897,MIA
315967494.4149496,00000000-0000-0000-0000-000000006490,OTHERS,116.50347835725132,3514.4070519322913,MIA
315967494.51449054,00000000-0000-0000-0000-000000000000,AV,125.6838706697249,3448.418599072111,MIA
315967494.51449054,00000000-0000-0000-0000-000000006047,OTHERS,123.63154317839174,3428.8435677720604,MIA
315967494.51449054,00000000-0000-0000-0000-000000006441,OTHERS,118.09903214141032,3404.9407228789837,MIA
315967494.51449054,00000000-0000-0000-0000-000000006462,OTHERS,116.73804046316738,3438.349919851701,MIA
315967494.51449054,00000000-0000-0000-0000-000000006471,OTHERS,124.38087682826686,3415.3211586965363,MIA
315967494.51449054,00000000-0000-0000-0000-000000006476,OTHERS,116.15960386046707,3458.799549294709,MIA
315967494.51449054,00000000-0000-0000-0000-000000006494,OTHERS,125.534314257246,3403.1814687958586,MIA
315967494.51449054,00000000-0000-0000-0000-000000006475,AGENT,128.3036071348267,3409.6710145208567,MIA
315967494.51449054,00000000-0000-0000-0000-000000006495,OTHERS,114.64176773392784,3494.792224122722,MIA
315967494.51449054,00000000-0000-0000-0000-000000006491,OTHERS,109.51247780686087,3539.2532315264075,MIA
315967494.51449054,00000000-0000-0000-0000-000000006488,OTHERS,112.58806509287952,3458.219007586785,MIA
315967494.51449054,00000000-0000-0000-0000-000000006469,OTHERS,113.90807268652384,3420.914640869661,MIA
315967494.51449054,00000000-0000-0000-0000-000000006490,OTHERS,116.58424449256916,3513.178148311439,MIA
315967494.61424863,00000000-0000-0000-0000-000000000000,AV,125.70561938742931,3449.505940294012,MIA
315967494.61424863,00000000-0000-0000-0000-000000006047,OTHERS,123.57777312871826,3430.124242752885,MIA
315967494.61424863,00000000-0000-0000-0000-000000006441,OTHERS,118.09457658985822,3403.284101059581,MIA
315967494.61424863,00000000-0000-0000-0000-000000006462,OTHERS,116.79819774018152,3436.960818221037,MIA
315967494.61424863,00000000-0000-0000-0000-000000006471,OTHERS,124.4140263538863,3415.6191917117244,MIA
315967494.61424863,00000000-0000-0000-0000-000000006476,OTHERS,116.25602078151657,3457.473424902468,MIA
315967494.61424863,00000000-0000-0000-0000-000000006494,OTHERS,125.4503436988609,3404.3479859406616,MIA
315967494.61424863,00000000-0000-0000-0000-000000006475,AGENT,128.1081136894187,3411.2824928050068,MIA
315967494.61424863,00000000-0000-0000-0000-000000006495,OTHERS,114.77846595234699,3493.5878006461944,MIA
315967494.61424863,00000000-0000-0000-0000-000000006491,OTHERS,109.7414174015531,3538.520695918451,MIA
315967494.61424863,00000000-0000-0000-0000-000000006488,OTHERS,112.62238517980477,3456.868097985271,MIA
315967494.61424863,00000000-0000-0000-0000-000000006469,OTHERS,114.04354184286998,3419.338757761459,MIA
315967494.61424863,00000000-0000-0000-0000-000000006490,OTHERS,116.71486802808303,3511.964405769635,MIA
315967494.71610814,00000000-0000-0000-0000-000000000000,AV,125.72432250164148,3450.6935676904827,MIA
315967494.71610814,00000000-0000-0000-0000-000000006047,OTHERS,123.60380586111113,3431.2119214886884,MIA
315967494.71610814,00000000-0000-0000-0000-000000006441,OTHERS,118.032324335157,3401.941124497316,MIA
315967494.71610814,00000000-0000-0000-0000-000000006462,OTHERS,116.77294299536457,3435.362797351601,MIA
315967494.71610814,00000000-0000-0000-0000-000000006471,OTHERS,124.37861206856272,3416.819904778377,MIA
315967494.71610814,00000000-0000-0000-0000-000000006476,OTHERS,116.18511992009917,3456.135610020171,MIA
315967494.71610814,00000000-0000-0000-0000-000000006494,OTHERS,125.11328506004692,3404.6469385581136,MIA
315967494.71610814,00000000-0000-0000-0000-000000006475,AGENT,127.96037031706922,3413.0060317269567,MIA
315967494.71610814,00000000-0000-0000-0000-000000006495,OTHERS,114.77109549434348,3492.031043354068,MIA
315967494.71610814,00000000-0000-0000-0000-000000006491,OTHERS,109.7710420381035,3537.98425182681,MIA
315967494.71610814,00000000-0000-0000-0000-000000006488,OTHERS,112.5999586629053,3455.619413064862,MIA
315967494.71610814,00000000-0000-0000-0000-000000006469,OTHERS,113.9512941576592,3418.4258136438543,MIA
315967494.71610814,00000000-0000-0000-0000-000000006490,OTHERS,116.9293265552058,3510.857087641023,MIA
315967494.8148328,00000000-0000-0000-0000-000000000000,AV,125.73642037262705,3451.7739677839404,MIA
315967494.8148328,00000000-0000-0000-0000-000000006047,OTHERS,123.52221840246641,3432.60719758781,MIA
315967494.8148328,00000000-0000-0000-0000-000000006441,OTHERS,117.72552614430565,3400.5416096303825,MIA
315967494.8148328,00000000-0000-0000-0000-000000006462,OTHERS,116.86539659642692,3433.8911730643213,MIA
315967494.8148328,00000000-0000-0000-0000-000000006471,OTHERS,124.2948211108042,3418.0306502994813,MIA
315967494.8148328,00000000-0000-0000-0000-000000006476,OTHERS,116.3608528700032,3454.6677839883787,MIA
315967494.8148328,00000000-0000-0000-0000-000000006469,OTHERS,114.00669589504037,3417.1109355232347,MIA
315967494.8148328,00000000-0000-0000-0000-000000006490,OTHERS,116.99920257199543,3509.5905785371233,MIA
315967494.8148328,00000000-0000-0000-0000-000000006495,OTHERS,114.81693837869415,3490.828290487417,MIA
315967494.8148328,00000000-0000-0000-0000-000000006494,OTHERS,125.35441741499449,3406.156456710372,MIA
315967494.8148328,00000000-0000-0000-0000-000000006475,AGENT,127.91089558778026,3414.504307323712,MIA
315967494.8148328,00000000-0000-0000-0000-000000006491,OTHERS,109.9873097740119,3536.5691033971393,MIA
315967494.8148328,00000000-0000-0000-0000-000000006488,OTHERS,112.6962979816601,3454.367627688653,MIA
315967494.91510683,00000000-0000-0000-0000-000000000000,AV,125.74327489392216,3452.855965446588,MIA
315967494.91510683,00000000-0000-0000-0000-000000006047,OTHERS,123.52429404642136,3433.528774096619,MIA
315967494.91510683,00000000-0000-0000-0000-000000006495,OTHERS,114.92504773822266,3490.179683977262,MIA
315967494.91510683,00000000-0000-0000-0000-000000006476,OTHERS,116.32336335797251,3453.332896373844,MIA
315967494.91510683,00000000-0000-0000-0000-000000006494,OTHERS,125.40870807198948,3407.1995746684333,MIA
315967494.91510683,00000000-0000-0000-0000-000000006475,AGENT,128.04920456662265,3416.0416940859027,MIA
315967494.91510683,00000000-0000-0000-0000-000000006490,OTHERS,117.00111171237437,3508.395968078045,MIA
315967494.91510683,00000000-0000-0000-0000-000000006469,OTHERS,113.83214479044642,3415.613521608629,MIA
315967494.91510683,00000000-0000-0000-0000-000000006471,OTHERS,124.28565040019966,3419.0132062109224,MIA
315967494.91510683,00000000-0000-0000-0000-000000006462,OTHERS,116.91283781335665,3432.4999264341413,MIA
315967494.91510683,00000000-0000-0000-0000-000000006488,OTHERS,112.70193006766665,3453.1542511204357,MIA
315967494.91510683,00000000-0000-0000-0000-000000006441,OTHERS,117.72552614666591,3400.541609641126,MIA
315967494.91510683,00000000-0000-0000-0000-000000006491,OTHERS,110.09062486836771,3534.7034646349707,MIA
315967495.0154433,00000000-0000-0000-0000-000000000000,AV,125.74528363275637,3454.041572107993,MIA
315967495.0154433,00000000-0000-0000-0000-000000006047,OTHERS,123.4125343230249,3434.8672189302533,MIA
315967495.0154433,00000000-0000-0000-0000-000000006495,OTHERS,115.05989761872159,3488.751947178319,MIA
315967495.0154433,00000000-0000-0000-0000-000000006494,OTHERS,125.3735734930636,3408.0488243804302,MIA
315967495.0154433,00000000-0000-0000-0000-000000006475,AGENT,127.90842341624615,3416.896520953331,MIA
315967495.0154433,00000000-0000-0000-0000-000000006476,OTHERS,116.45394974114514,3451.7490877380583,MIA
315967495.0154433,00000000-0000-0000-0000-000000006491,OTHERS,110.1235226786842,3533.461716366855,MIA
315967495.0154433,00000000-0000-0000-0000-000000006490,OTHERS,117.05678504018226,3507.233329552521,MIA
315967495.0154433,00000000-0000-0000-0000-000000006469,OTHERS,114.03047140950859,3414.1258701597953,MIA
315967495.0154433,00000000-0000-0000-0000-000000006471,OTHERS,124.2520706632588,3419.976819179737,MIA
315967495.0154433,00000000-0000-0000-0000-000000006462,OTHERS,116.97371282822249,3431.161001877136,MIA
315967495.0154433,00000000-0000-0000-0000-000000006488,OTHERS,112.9649931854262,3452.208227286619,MIA
315967495.0154433,00000000-0000-0000-0000-000000006441,OTHERS,117.72552614902449,3400.54160965187,MIA
315967495.11607146,00000000-0000-0000-0000-000000000000,AV,125.7429201819409,3455.119010040979,MIA
315967495.11607146,00000000-0000-0000-0000-000000006047,OTHERS,123.41215471012885,3436.0352333866167,MIA
315967495.11607146,00000000-0000-0000-0000-000000006462,OTHERS,117.05043409019147,3429.737018401501,MIA
315967495.11607146,00000000-0000-0000-0000-000000006502,OTHERS,160.37867828827783,3463.424806842133,MIA
315967495.11607146,00000000-0000-0000-0000-000000006476,OTHERS,116.49892355359457,3450.348814220983,MIA
315967495.11607146,00000000-0000-0000-0000-000000006491,OTHERS,109.7013848239761,3532.9023989977873,MIA
315967495.11607146,00000000-0000-0000-0000-000000006475,AGENT,127.80783752766413,3419.2006612436226,MIA
315967495.11607146,00000000-0000-0000-0000-000000006441,OTHERS,117.72552615138292,3400.541609662614,MIA
315967495.11607146,00000000-0000-0000-0000-000000006488,OTHERS,112.77053506949223,3450.8483012067754,MIA
315967495.11607146,00000000-0000-0000-0000-000000006495,OTHERS,115.03486670211764,3487.764131823879,MIA
315967495.11607146,00000000-0000-0000-0000-000000006494,OTHERS,125.18514366725631,3409.174385534831,MIA
315967495.11607146,00000000-0000-0000-0000-000000006490,OTHERS,117.04659312068114,3506.3757342998406,MIA
315967495.11607146,00000000-0000-0000-0000-000000006469,OTHERS,114.15732682829916,3413.0922155373682,MIA
315967495.11607146,00000000-0000-0000-0000-000000006471,OTHERS,124.20384258427868,3421.260367893526,MIA
315967495.2162147,00000000-0000-0000-0000-000000000000,AV,125.73648447039876,3456.195083542893,MIA
315967495.2162147,00000000-0000-0000-0000-000000006047,OTHERS,123.42956458863256,3437.2886729719066,MIA
315967495.2162147,00000000-0000-0000-0000-000000006462,OTHERS,117.10132517150959,3428.2626087201984,MIA
315967495.2162147,00000000-0000-0000-0000-000000006469,OTHERS,114.50920188597031,3411.2122178673785,MIA
315967495.2162147,00000000-0000-0000-0000-000000006476,OTHERS,116.64036812995438,3448.979797352901,MIA
315967495.2162147,00000000-0000-0000-0000-000000006490,OTHERS,117.14759349469604,3505.4599559546746,MIA
315967495.2162147,00000000-0000-0000-0000-000000006495,OTHERS,115.05280565479508,3486.686239492337,MIA
315967495.2162147,00000000-0000-0000-0000-000000006471,OTHERS,124.15708985839142,3422.4905891459416,MIA
315967495.2162147,00000000-0000-0000-0000-000000006506,OTHERS,164.7133564126427,3463.3710822213,MIA
315967495.2162147,00000000-0000-0000-0000-000000006491,OTHERS,110.02141030028879,3530.9762033829634,MIA
315967495.2162147,00000000-0000-0000-0000-000000006502,OTHERS,160.1922509639198,3463.2030676338973,MIA
315967495.2162147,00000000-0000-0000-0000-000000006475,AGENT,127.79606664742693,3420.772138712832,MIA
315967495.2162147,00000000-0000-0000-0000-000000006488,OTHERS,112.83877179018788,3449.4601262521887,MIA
315967495.2162147,00000000-0000-0000-0000-000000006494,OTHERS,125.15593818042595,3410.2377161829686,MIA
315967495.31664884,00000000-0000-0000-0000-000000000000,AV,125.72557660348544,3457.270714027736,MIA
315967495.31664884,00000000-0000-0000-0000-000000006047,OTHERS,123.3378710425536,3438.7982805108313,MIA
315967495.31664884,00000000-0000-0000-0000-000000006462,OTHERS,117.1903615990201,3426.9430117001616,MIA
315967495.31664884,00000000-0000-0000-0000-000000006469,OTHERS,114.50920188786924,3411.2122178779364,MIA
315967495.31664884,00000000-0000-0000-0000-000000006476,OTHERS,116.69385998834801,3447.535460237557,MIA
315967495.31664884,00000000-0000-0000-0000-000000006490,OTHERS,117.26240846857284,3504.3561540120063,MIA
315967495.31664884,00000000-0000-0000-0000-000000006471,OTHERS,124.08235171394188,3423.5744341269515,MIA
315967495.31664884,00000000-0000-0000-0000-000000006506,OTHERS,163.29367193308266,3463.5948656274745,MIA
315967495.31664884,00000000-0000-0000-0000-000000006491,OTHERS,110.22574498313708,3528.9314693160327,MIA
315967495.31664884,00000000-0000-0000-0000-000000006495,OTHERS,115.06965253375616,3485.2893217940277,MIA
315967495.31664884,00000000-0000-0000-0000-000000006475,AGENT,127.63692536930672,3422.3847717343,MIA
315967495.31664884,00000000-0000-0000-0000-000000006488,OTHERS,112.96607562361444,3447.8606068470226,MIA
315967495.31664884,00000000-0000-0000-0000-000000006494,OTHERS,124.85385325588078,3410.4370277287794,MIA
315967495.41671604,00000000-0000-0000-0000-000000000000,AV,125.70857211409678,3458.454774820272,MIA
315967495.41671604,00000000-0000-0000-0000-000000006047,OTHERS,123.2779205749206,3439.940046876773,MIA
315967495.41671604,00000000-0000-0000-0000-000000006462,OTHERS,117.21049679971243,3425.6203938234967,MIA
315967495.41671604,00000000-0000-0000-0000-000000006469,OTHERS,114.5092018897674,3411.2122178884943,MIA
315967495.41671604,00000000-0000-0000-0000-000000006476,OTHERS,116.7915830247905,3446.135213685029,MIA
315967495.41671604,00000000-0000-0000-0000-000000006490,OTHERS,117.32947028622007,3503.411521009197,MIA
315967495.41671604,00000000-0000-0000-0000-000000006495,OTHERS,115.17938544327248,3483.882943447654,MIA
315967495.41671604,00000000-0000-0000-0000-000000006471,OTHERS,124.05251846343876,3424.667292101268,MIA
315967495.41671604,00000000-0000-0000-0000-000000006506,OTHERS,163.3097215762631,3463.1663672768764,MIA
315967495.41671604,00000000-0000-0000-0000-000000006491,OTHERS,110.17700636801979,3527.812272131379,MIA
315967495.41671604,00000000-0000-0000-0000-000000006475,AGENT,127.60249983879616,3423.9198084641052,MIA
315967495.41671604,00000000-0000-0000-0000-000000006488,OTHERS,113.11720634818558,3446.782953249393,MIA
315967495.41671604,00000000-0000-0000-0000-000000006494,OTHERS,125.01991260093048,3412.120409468155,MIA
315967495.51788133,00000000-0000-0000-0000-000000000000,AV,125.6895721778036,3459.526449156776,MIA
315967495.51788133,00000000-0000-0000-0000-000000006047,OTHERS,123.32193503057495,3441.2876324947233,MIA
315967495.51788133,00000000-0000-0000-0000-000000006462,OTHERS,117.1237613731876,3424.576800089819,MIA
315967495.51788133,00000000-0000-0000-0000-000000006469,OTHERS,114.5092018916656,3411.212217899052,MIA
315967495.51788133,00000000-0000-0000-0000-000000006476,OTHERS,116.83750585801953,3444.687415086401,MIA
315967495.51788133,00000000-0000-0000-0000-000000006488,OTHERS,113.12545519721891,3445.2976051433684,MIA
315967495.51788133,00000000-0000-0000-0000-000000006495,OTHERS,115.26032945305711,3482.8576866869453,MIA
315967495.51788133,00000000-0000-0000-0000-000000006490,OTHERS,117.33411921053928,3502.2546920163013,MIA
315967495.51788133,00000000-0000-0000-0000-000000006471,OTHERS,124.01548466417296,3425.7516043650944,MIA
315967495.51788133,00000000-0000-0000-0000-000000006506,OTHERS,161.48407885824489,3464.306912276781,MIA
315967495.51788133,00000000-0000-0000-0000-000000006512,OTHERS,58.93909054371929,3458.954484386175,MIA
315967495.51788133,00000000-0000-0000-0000-000000006491,OTHERS,110.29604356198445,3527.423878296482,MIA
315967495.51788133,00000000-0000-0000-0000-000000006475,AGENT,127.56842588977536,3424.71073124545,MIA
315967495.51788133,00000000-0000-0000-0000-000000006494,OTHERS,125.0517145614792,3412.9257123938746,MIA
315967495.61656666,00000000-0000-0000-0000-000000000000,AV,125.6670078980592,3460.6013306580517,MIA
315967495.61656666,00000000-0000-0000-0000-000000006047,OTHERS,123.21916210263586,3442.6545047251043,MIA
315967495.61656666,00000000-0000-0000-0000-000000006476,OTHERS,116.84573247395753,3443.2345447181074,MIA
315967495.61656666,00000000-0000-0000-0000-000000006490,OTHERS,117.411393024486,3501.2306707624452,MIA
315967495.61656666,00000000-0000-0000-0000-000000006495,OTHERS,115.26254004626169,3481.733186508193,MIA
315967495.61656666,00000000-0000-0000-0000-000000006462,OTHERS,117.20221006698414,3423.287558880451,MIA
315967495.61656666,00000000-0000-0000-0000-000000006471,OTHERS,123.99687600963205,3426.896719749209,MIA
315967495.61656666,00000000-0000-0000-0000-000000006506,OTHERS,161.60377266853652,3464.279039197921,MIA
315967495.61656666,00000000-0000-0000-0000-000000006512,OTHERS,58.93909054371929,3458.954484386175,MIA
315967495.61656666,00000000-0000-0000-0000-000000006491,OTHERS,110.31112167073923,3526.2838748593877,MIA
315967495.61656666,00000000-0000-0000-0000-000000006475,AGENT,127.41019200933664,3426.3533585073164,MIA
315967495.61656666,00000000-0000-0000-0000-000000006499,OTHERS,158.1720060956381,3464.069560519306,MIA
315967495.61656666,00000000-0000-0000-0000-000000006488,OTHERS,113.18820332890465,3443.9240184020587,MIA
315967495.61656666,00000000-0000-0000-0000-000000006494,OTHERS,124.94752501877608,3414.116095053321,MIA
315967495.71679175,00000000-0000-0000-0000-000000000000,AV,125.64201383342423,3461.670323008825,MIA
315967495.71679175,00000000-0000-0000-0000-000000006047,OTHERS,123.18597898963672,3443.6988202458,MIA
315967495.71679175,00000000-0000-0000-0000-000000006476,OTHERS,116.89414577431309,3441.75878571624,MIA
315967495.71679175,00000000-0000-0000-0000-000000006510,OTHERS,163.2878017981088,3464.134332596809,MIA
315967495.71679175,00000000-0000-0000-0000-000000006490,OTHERS,117.35499379650948,3500.0321579557067,MIA
315967495.71679175,00000000-0000-0000-0000-000000006462,OTHERS,117.15094715790188,3421.9442649031457,MIA
315967495.71679175,00000000-0000-0000-0000-000000006495,OTHERS,115.24041015556999,3480.6489181802544,MIA
315967495.71679175,00000000-0000-0000-0000-000000006471,OTHERS,123.87805267991124,3428.0615410622527,MIA
315967495.71679175,00000000-0000-0000-0000-000000006506,OTHERS,161.60377266853652,3464.279039197921,MIA
315967495.71679175,00000000-0000-0000-0000-000000006491,OTHERS,110.39867593780468,3523.996238986549,MIA
315967495.71679175,00000000-0000-0000-0000-000000006475,AGENT,127.38219877374151,3428.582843159665,MIA
315967495.71679175,00000000-0000-0000-0000-000000006499,OTHERS,157.91572744018146,3464.1200907666853,MIA
315967495.71679175,00000000-0000-0000-0000-000000006488,OTHERS,113.23648133548937,3442.605367060836,MIA
315967495.71679175,00000000-0000-0000-0000-000000006494,OTHERS,124.9817966349963,3414.904129455923,MIA
315967495.81666714,00000000-0000-0000-0000-000000000000,AV,125.6112375093074,3462.8486271524816,MIA
315967495.81666714,00000000-0000-0000-0000-000000006047,OTHERS,123.19443318158905,3445.1707772727063,MIA
315967495.81666714,00000000-0000-0000-0000-000000006476,OTHERS,116.9635615440827,3440.1459824464478,MIA
315967495.81666714,00000000-0000-0000-0000-000000006510,OTHERS,163.35530824592698,3464.187735442559,MIA
315967495.81666714,00000000-0000-0000-0000-000000006501,OTHERS,161.44705805118187,3464.457243089373,MIA
315967495.81666714,00000000-0000-0000-0000-000000006490,OTHERS,117.48069216558196,3499.110906833238,MIA
315967495.81666714,00000000-0000-0000-0000-000000006462,OTHERS,117.17306559967402,3420.540869242959,MIA
315967495.81666714,00000000-0000-0000-0000-000000006495,OTHERS,115.37944045642745,3479.1701823052613,MIA
315967495.81666714,00000000-0000-0000-0000-000000006471,OTHERS,123.90210779585598,3429.083294186164,MIA
315967495.81666714,00000000-0000-0000-0000-000000006506,OTHERS,161.60377266853652,3464.279039197921,MIA
315967495.81666714,00000000-0000-0000-0000-000000006491,OTHERS,110.32179609377545,3523.323185517869,MIA
315967495.81666714,00000000-0000-0000-0000-000000006511,OTHERS,155.49820052667934,3463.907324234895,MIA
315967495.81666714,00000000-0000-0000-0000-000000006475,AGENT,127.32356946849505,3430.041875846711,MIA
315967495.81666714,00000000-0000-0000-0000-000000006499,OTHERS,158.24053973171758,3464.1265562066105,MIA
315967495.81666714,00000000-0000-0000-0000-000000006488,OTHERS,113.19510258408613,3441.204273606335,MIA
315967495.81666714,00000000-0000-0000-0000-000000006494,OTHERS,124.95039670137156,3415.907302700921,MIA
315967495.9158919,00000000-0000-0000-0000-000000000000,AV,125.58428019229237,3463.9164247758385,MIA
315967495.9158919,00000000-0000-0000-0000-000000006047,OTHERS,123.1852905901105,3446.544382905983,MIA
315967495.9158919,00000000-0000-0000-0000-000000006462,OTHERS,117.2386438636359,3419.100415556901,MIA
315967495.9158919,00000000-0000-0000-0000-000000006476,OTHERS,117.01159720568684,3438.839148096805,MIA
315967495.9158919,00000000-0000-0000-0000-000000006490,OTHERS,117.51212490627844,3498.103668727425,MIA
315967495.9158919,00000000-0000-0000-0000-000000006488,OTHERS,113.3660603810003,3439.9184352204024,MIA
315967495.9158919,00000000-0000-0000-0000-000000006501,OTHERS,159.4379840066505,3463.9097845926676,MIA
315967495.9158919,00000000-0000-0000-0000-000000006510,OTHERS,163.37702648898434,3464.2409058168987,MIA
315967495.9158919,00000000-0000-0000-0000-000000006495,OTHERS,115.42509374654229,3477.841167500921,MIA
315967495.9158919,00000000-0000-0000-0000-000000006471,OTHERS,123.72665953521678,3430.799659915595,MIA
315967495.9158919,00000000-0000-0000-0000-000000006506,OTHERS,158.2064666364772,3464.0948869720924,MIA
315967495.9158919,00000000-0000-0000-0000-000000006512,OTHERS,58.80174565431553,3458.946074088492,MIA
315967495.9158919,00000000-0000-0000-0000-000000006491,OTHERS,110.36815151616017,3522.2980973573494,MIA
315967495.9158919,00000000-0000-0000-0000-000000006511,OTHERS,155.53598291614642,3464.105083839219,MIA
315967495.9158919,00000000-0000-0000-0000-000000006475,AGENT,127.22673778072031,3431.3198389895424,MIA
315967495.9158919,00000000-0000-0000-0000-000000006499,OTHERS,161.4165521135384,3464.465321160256,MIA
315967495.9158919,00000000-0000-0000-0000-000000006494,OTHERS,124.95070914567607,3416.7186609107066,MIA
315967496.0162797,00000000-0000-0000-0000-000000000000,AV,125.55536290725323,3464.987652118644,MIA
315967496.0162797,00000000-0000-0000-0000-000000006047,OTHERS,123.16234953636773,3448.18703897916,MIA
315967496.0162797,00000000-0000-0000-0000-000000006462,OTHERS,117.298120443895,3417.6663189981787,MIA
315967496.0162797,00000000-0000-0000-0000-000000006490,OTHERS,117.530484035787,3497.286480435776,MIA
315967496.0162797,00000000-0000-0000-0000-000000006488,OTHERS,113.40132408197974,3438.544272088849,MIA
315967496.0162797,00000000-0000-0000-0000-000000006494,OTHERS,124.70425574954832,3417.3355361225267,MIA
315967496.0162797,00000000-0000-0000-0000-000000006495,OTHERS,115.4470061278178,3476.750233361099,MIA
315967496.0162797,00000000-0000-0000-0000-000000006475,AGENT,127.32978603012207,3432.8041083106873,MIA
315967496.0162797,00000000-0000-0000-0000-000000006499,OTHERS,162.16809595954211,3464.663837692403,MIA
315967496.0162797,00000000-0000-0000-0000-000000006476,OTHERS,117.03462052020964,3437.5420006062072,MIA
315967496.0162797,00000000-0000-0000-0000-000000006471,OTHERS,123.76747169574541,3432.289713826829,MIA
315967496.0162797,00000000-0000-0000-0000-000000006506,OTHERS,158.56798706394903,3464.2638694234315,MIA
315967496.0162797,00000000-0000-0000-0000-000000006491,OTHERS,109.80893097145695,3521.0404376857796,MIA
315967496.0162797,00000000-0000-0000-0000-000000006512,OTHERS,58.70377027282444,3458.9030382339647,MIA
315967496.0162797,00000000-0000-0000-0000-000000006501,OTHERS,159.8598271958754,3463.885421281137,MIA
315967496.0162797,00000000-0000-0000-0000-000000006510,OTHERS,163.40749871700277,3463.595261445215,MIA
315967496.0162797,00000000-0000-0000-0000-000000006511,OTHERS,155.61443261755474,3464.0901115169554,MIA
315967496.11766034,00000000-0000-0000-0000-000000000000,AV,125.519635592168,3466.1631355932172,MIA
315967496.11766034,00000000-0000-0000-0000-000000006047,OTHERS,123.10450842229055,3449.190146596696,MIA
315967496.11766034,00000000-0000-0000-0000-000000006462,OTHERS,116.895198248876,3416.585740604818,MIA
315967496.11766034,00000000-0000-0000-0000-000000006490,OTHERS,117.62065722260375,3496.3014034807125,MIA
315967496.11766034,00000000-0000-0000-0000-000000006488,OTHERS,113.42068455454208,3438.132303880995,MIA
315967496.11766034,00000000-0000-0000-0000-000000006494,OTHERS,124.84472913750379,3419.0591948288256,MIA
315967496.11766034,00000000-0000-0000-0000-000000006495,OTHERS,115.50993072348072,3475.4481114038285,MIA
315967496.11766034,00000000-0000-0000-0000-000000006511,OTHERS,155.83184722151643,3464.087472766863,MIA
315967496.11766034,00000000-0000-0000-0000-000000006501,OTHERS,160.80656329261066,3464.1119542952065,MIA
315967496.11766034,00000000-0000-0000-0000-000000006475,AGENT,127.14589133167502,3433.9190636776234,MIA
315967496.11766034,00000000-0000-0000-0000-000000006499,OTHERS,163.96867158211393,3465.3142648087023,MIA
315967496.11766034,00000000-0000-0000-0000-000000006476,OTHERS,117.08442216971201,3436.0600365950554,MIA
315967496.11766034,00000000-0000-0000-0000-000000006471,OTHERS,123.8533216997859,3433.0863047022576,MIA
315967496.11766034,00000000-0000-0000-0000-000000006506,OTHERS,159.1994577995456,3464.2238948271324,MIA
315967496.11766034,00000000-0000-0000-0000-000000006491,OTHERS,110.13646076816549,3518.7542117982416,MIA
315967496.11766034,00000000-0000-0000-0000-000000006512,OTHERS,58.74889706222224,3459.0796486134136,MIA
315967496.11766034,00000000-0000-0000-0000-000000006510,OTHERS,163.508472340981,3463.655403469058,MIA
315967496.21899587,00000000-0000-0000-0000-000000000000,AV,125.48690569344679,3467.2301692783576,MIA
315967496.21899587,00000000-0000-0000-0000-000000006047,OTHERS,123.06668093521952,3450.527601232935,MIA
315967496.21899587,00000000-0000-0000-0000-000000006490,OTHERS,117.58503302879835,3495.5641629591028,MIA
315967496.21899587,00000000-0000-0000-0000-000000006488,OTHERS,113.66037329206385,3436.8385431103397,MIA
315967496.21899587,00000000-0000-0000-0000-000000006494,OTHERS,124.72830811942276,3420.108251364672,MIA
315967496.21899587,00000000-0000-0000-0000-000000006495,OTHERS,115.50632194293756,3474.169682851598,MIA
315967496.21899587,00000000-0000-0000-0000-000000006511,OTHERS,156.45385946078122,3464.2375926227305,MIA
315967496.21899587,00000000-0000-0000-0000-000000006501,OTHERS,162.20276179747611,3463.916843927621,MIA
315967496.21899587,00000000-0000-0000-0000-000000006476,OTHERS,117.15608338637198,3434.437518660845,MIA
315967496.21899587,00000000-0000-0000-0000-000000006462,OTHERS,117.65672912587385,3414.905495636325,MIA
315967496.21899587,00000000-0000-0000-0000-000000006491,OTHERS,110.73797916005225,3519.697705987868,MIA
315967496.21899587,00000000-0000-0000-0000-000000006512,OTHERS,58.79063876040168,3459.029652909265,MIA
315967496.21899587,00000000-0000-0000-0000-000000006475,AGENT,126.99107266425608,3436.253334986741,MIA
315967496.21899587,00000000-0000-0000-0000-000000006499,OTHERS,164.82958077379774,3465.359744871833,MIA
315967496.21899587,00000000-0000-0000-0000-000000006471,OTHERS,123.64331870045832,3434.695451434977,MIA
315967496.21899587,00000000-0000-0000-0000-000000006510,OTHERS,163.31463176303674,3465.180958126692,MIA
315967496.21899587,00000000-0000-0000-0000-000000006509,OTHERS,131.33170034887578,3493.492355317112,MIA
315967496.31990385,00000000-0000-0000-0000-000000000000,AV,125.4530733860104,3468.2958074057624,MIA
315967496.31990385,00000000-0000-0000-0000-000000006047,OTHERS,122.99858361021157,3452.020679457181,MIA
315967496.31990385,00000000-0000-0000-0000-000000006476,OTHERS,117.2368610057303,3433.4312700767327,MIA
315967496.31990385,00000000-0000-0000-0000-000000006490,OTHERS,117.64932941078449,3494.7406354304803,MIA
315967496.31990385,00000000-0000-0000-0000-000000006488,OTHERS,113.36480235116169,3435.4522524235754,MIA
315967496.31990385,00000000-0000-0000-0000-000000006475,AGENT,126.799745561277,3436.995036317401,MIA
315967496.31990385,00000000-0000-0000-0000-000000006499,OTHERS,165.02658099877473,3465.360018517267,MIA
315967496.31990385,00000000-0000-0000-0000-000000006511,OTHERS,156.51818185060012,3464.1364263620976,MIA
315967496.31990385,00000000-0000-0000-0000-000000006528,OTHERS,112.71687296525712,3548.8298261988252,MIA
315967496.31990385,00000000-0000-0000-0000-000000006462,OTHERS,117.43905595962325,3413.5714733343957,MIA
315967496.31990385,00000000-0000-0000-0000-000000006491,OTHERS,110.8380490928156,3518.712586362053,MIA
315967496.31990385,00000000-0000-0000-0000-000000006512,OTHERS,58.78419908888196,3458.872255751149,MIA
315967496.31990385,00000000-0000-0000-0000-000000006495,OTHERS,115.47847956971542,3473.1014776611046,MIA
315967496.31990385,00000000-0000-0000-0000-000000006522,OTHERS,157.51589722973796,3465.05343460884,MIA
315967496.31990385,00000000-0000-0000-0000-000000006494,OTHERS,124.78580399058313,3420.907397953449,MIA
315967496.31990385,00000000-0000-0000-0000-000000006510,OTHERS,163.44339462661682,3463.554301533964,MIA
315967496.31990385,00000000-0000-0000-0000-000000006509,OTHERS,131.32435898555372,3493.390132840708,MIA
315967496.31990385,00000000-0000-0000-0000-000000006471,OTHERS,123.80439770497252,3435.975732495628,MIA
315967496.418242,00000000-0000-0000-0000-000000000000,AV,125.41934186167549,3469.3638810601565,MIA
315967496.418242,00000000-0000-0000-0000-000000006047,OTHERS,122.99587034049988,3453.2373385156457,MIA
315967496.418242,00000000-0000-0000-0000-000000006476,OTHERS,117.23533611476296,3432.1580177482842,MIA
315967496.418242,00000000-0000-0000-0000-000000006490,OTHERS,117.7268859636579,3493.8012178399968,MIA
315967496.418242,00000000-0000-0000-0000-000000006488,OTHERS,113.29642022312784,3434.231275163092,MIA
315967496.418242,00000000-0000-0000-0000-000000006475,AGENT,127.06251848817206,3439.200162559053,MIA
315967496.418242,00000000-0000-0000-0000-000000006499,OTHERS,165.02658099877473,3465.360018517267,MIA
315967496.418242,00000000-0000-0000-0000-000000006511,OTHERS,156.86866338528768,3464.1003983597443,MIA
315967496.418242,00000000-0000-0000-0000-000000006471,OTHERS,123.6892137772655,3436.415977588419,MIA
315967496.418242,00000000-0000-0000-0000-000000006495,OTHERS,115.61192690596071,3471.7546357614315,MIA
315967496.418242,00000000-0000-0000-0000-000000006494,OTHERS,124.69417446117187,3421.993097628947,MIA
315967496.418242,00000000-0000-0000-0000-000000006522,OTHERS,157.65505502212892,3465.019468762598,MIA
315967496.418242,00000000-0000-0000-0000-000000006462,OTHERS,117.45148872471626,3412.146477430193,MIA
315967496.418242,00000000-0000-0000-0000-000000006491,OTHERS,110.80688876725651,3517.356204964793,MIA
315967496.418242,00000000-0000-0000-0000-000000006512,OTHERS,58.82257267923038,3459.1507441176136,MIA
315967496.418242,00000000-0000-0000-0000-000000006528,OTHERS,112.69307299427643,3547.514233121773,MIA
315967496.418242,00000000-0000-0000-0000-000000006510,OTHERS,163.28472531282048,3463.4346615759914,MIA
315967496.418242,00000000-0000-0000-0000-000000006509,OTHERS,131.4107458165178,3493.274203094539,MIA
315967496.5187978,00000000-0000-0000-0000-000000000000,AV,125.38212579489291,3470.5367033113207,MIA
315967496.5187978,00000000-0000-0000-0000-000000006047,OTHERS,122.9799424244027,3454.533817065568,MIA
315967496.5187978,00000000-0000-0000-0000-000000006476,OTHERS,117.0995593117265,3430.9779058782988,MIA
315967496.5187978,00000000-0000-0000-0000-000000006490,OTHERS,117.74322093192629,3493.0703983718586,MIA
315967496.5187978,00000000-0000-0000-0000-000000006475,AGENT,126.80867525108913,3439.9700303208533,MIA
315967496.5187978,00000000-0000-0000-0000-000000006499,OTHERS,165.02658099877473,3465.360018517267,MIA
315967496.5187978,00000000-0000-0000-0000-000000006511,OTHERS,157.42967156498563,3464.155310548169,MIA
315967496.5187978,00000000-0000-0000-0000-000000006501,OTHERS,164.45744514169328,3465.2728785705904,MIA
315967496.5187978,00000000-0000-0000-0000-000000006471,OTHERS,123.58421409910788,3437.558552839538,MIA
315967496.5187978,00000000-0000-0000-0000-000000006506,OTHERS,161.52411699049532,3464.421540955352,MIA
315967496.5187978,00000000-0000-0000-0000-000000006509,OTHERS,131.41076628755462,3493.168806014961,MIA
315967496.5187978,00000000-0000-0000-0000-000000006494,OTHERS,124.68658881745155,3422.996327454867,MIA
315967496.5187978,00000000-0000-0000-0000-000000006522,OTHERS,157.66806832880675,3465.057693261076,MIA
315967496.5187978,00000000-0000-0000-0000-000000006535,OTHERS,114.77688754231652,3506.582927535165,MIA
315967496.5187978,00000000-0000-0000-0000-000000006488,OTHERS,113.3969233847311,3432.7084429408033,MIA
315967496.5187978,00000000-0000-0000-0000-000000006495,OTHERS,115.67404295062236,3470.53195617719,MIA
315967496.5187978,00000000-0000-0000-0000-000000006462,OTHERS,117.52793565137686,3410.680222108784,MIA
315967496.5187978,00000000-0000-0000-0000-000000006491,OTHERS,110.66758031289879,3515.765526423222,MIA
315967496.5187978,00000000-0000-0000-0000-000000006512,OTHERS,58.980501896611926,3459.042155660187,MIA
315967496.5187978,00000000-0000-0000-0000-000000006528,OTHERS,112.85464355252478,3546.069152671094,MIA
315967496.5187978,00000000-0000-0000-0000-000000006510,OTHERS,163.39122798534814,3464.090942948665,MIA
315967496.62007934,00000000-0000-0000-0000-000000000000,AV,125.3484522633533,3471.6071905533563,MIA
315967496.62007934,00000000-0000-0000-0000-000000006047,OTHERS,122.9256268565542,3455.833618647057,MIA
315967496.62007934,00000000-0000-0000-0000-000000006462,OTHERS,117.90599630477831,3409.254796296168,MIA
315967496.62007934,00000000-0000-0000-0000-000000006476,OTHERS,117.296940173199,3429.807093784915,MIA
315967496.62007934,00000000-0000-0000-0000-000000006490,OTHERS,117.76125180414276,3492.201976489585,MIA
315967496.62007934,00000000-0000-0000-0000-000000006495,OTHERS,115.67653401046104,3469.216776308063,MIA
315967496.62007934,00000000-0000-0000-0000-000000006475,AGENT,126.77167941982552,3442.196083193704,MIA
315967496.62007934,00000000-0000-0000-0000-000000006499,OTHERS,165.02658099877473,3465.360018517267,MIA
315967496.62007934,00000000-0000-0000-0000-000000006511,OTHERS,157.6814831791834,3464.1096908191034,MIA
315967496.62007934,00000000-0000-0000-0000-000000006501,OTHERS,164.82292408400346,3465.289161354233,MIA
315967496.62007934,00000000-0000-0000-0000-000000006471,OTHERS,123.55430215526829,3438.581009063444,MIA
315967496.62007934,00000000-0000-0000-0000-000000006506,OTHERS,162.17111806580266,3464.910874142295,MIA
315967496.62007934,00000000-0000-0000-0000-000000006510,OTHERS,163.41434833221263,3463.3256214005633,MIA
315967496.62007934,00000000-0000-0000-0000-000000006491,OTHERS,110.78623540590657,3514.775351988642,MIA
315967496.62007934,00000000-0000-0000-0000-000000006512,OTHERS,58.75774682295469,3459.066360230901,MIA
315967496.62007934,00000000-0000-0000-0000-000000006509,OTHERS,131.3818750926713,3492.918653235485,MIA
315967496.62007934,00000000-0000-0000-0000-000000006488,OTHERS,113.275126282107,3431.263899364933,MIA
315967496.62007934,00000000-0000-0000-0000-000000006528,OTHERS,112.6732971135546,3544.917843850089,MIA
315967496.62007934,00000000-0000-0000-0000-000000006535,OTHERS,115.04998302414832,3505.5520115762547,MIA
315967496.62007934,00000000-0000-0000-0000-000000006494,OTHERS,124.54938593717377,3424.001929480595,MIA
315967496.7187442,00000000-0000-0000-0000-000000000000,AV,125.3151387594453,3472.6687627120427,MIA
315967496.7187442,00000000-0000-0000-0000-000000006047,OTHERS,122.92045297319945,3457.1229345281567,MIA
315967496.7187442,00000000-0000-0000-0000-000000006462,OTHERS,117.65905828170538,3407.6429806745205,MIA
315967496.7187442,00000000-0000-0000-0000-000000006476,OTHERS,117.16020306845772,3428.330060920377,MIA
315967496.7187442,00000000-0000-0000-0000-000000006490,OTHERS,117.79952750643808,3491.510997566538,MIA
315967496.7187442,00000000-0000-0000-0000-000000006475,AGENT,126.69666237182777,3443.571593923443,MIA
315967496.7187442,00000000-0000-0000-0000-000000006495,OTHERS,115.76714870718115,3467.923783889482,MIA
315967496.7187442,00000000-0000-0000-0000-000000006511,OTHERS,158.1031391569603,3464.5339232597917,MIA
315967496.7187442,00000000-0000-0000-0000-000000006501,OTHERS,164.82292408400346,3465.289161354233,MIA
315967496.7187442,00000000-0000-0000-0000-000000006471,OTHERS,123.45088732982308,3440.629931261546,MIA
315967496.7187442,00000000-0000-0000-0000-000000006506,OTHERS,163.5147788801499,3463.2984068866804,MIA
315967496.7187442,00000000-0000-0000-0000-000000006510,OTHERS,162.8151398500679,3464.687454993337,MIA
315967496.7187442,00000000-0000-0000-0000-000000006491,OTHERS,110.88519198692215,3513.5461839366753,MIA
315967496.7187442,00000000-0000-0000-0000-000000006512,OTHERS,58.90717026638274,3459.034170450734,MIA
315967496.7187442,00000000-0000-0000-0000-000000006488,OTHERS,113.5455353941748,3430.0151574257056,MIA
315967496.7187442,00000000-0000-0000-0000-000000006528,OTHERS,112.88509511370216,3543.844653820633,MIA
315967496.7187442,00000000-0000-0000-0000-000000006509,OTHERS,131.37712229385514,3492.8072285599737,MIA
315967496.7187442,00000000-0000-0000-0000-000000006534,OTHERS,181.345245856128,3463.800093332381,MIA
315967496.7187442,00000000-0000-0000-0000-000000006535,OTHERS,114.71801456284572,3504.044766791385,MIA
315967496.7187442,00000000-0000-0000-0000-000000006542,OTHERS,113.476293069361,3530.245262451595,MIA
315967496.7187442,00000000-0000-0000-0000-000000006494,OTHERS,124.43523222934694,3424.338479972209,MIA
315967496.81857216,00000000-0000-0000-0000-000000000000,AV,125.2813148961496,3473.742403400633,MIA
315967496.81857216,00000000-0000-0000-0000-000000006047,OTHERS,122.87690004586963,3458.514360943481,MIA
315967496.81857216,00000000-0000-0000-0000-000000006462,OTHERS,117.65905828125952,3407.6429806854712,MIA
315967496.81857216,00000000-0000-0000-0000-000000006476,OTHERS,117.1602030680378,3428.330060931327,MIA
315967496.81857216,00000000-0000-0000-0000-000000006490,OTHERS,117.82031732811123,3490.723574765115,MIA
315967496.81857216,00000000-0000-0000-0000-000000006475,AGENT,126.70850128536881,3445.001030711286,MIA
315967496.81857216,00000000-0000-0000-0000-000000006494,OTHERS,124.50115746913995,3426.058983286005,MIA
315967496.81857216,00000000-0000-0000-0000-000000006495,OTHERS,115.82045568388443,3466.830733816988,MIA
315967496.81857216,00000000-0000-0000-0000-000000006511,OTHERS,157.47248899330523,3464.158427501936,MIA
315967496.81857216,00000000-0000-0000-0000-000000006501,OTHERS,164.82292408400346,3465.289161354233,MIA
315967496.81857216,00000000-0000-0000-0000-000000006471,OTHERS,123.29806661339869,3441.7997125110246,MIA
315967496.81857216,00000000-0000-0000-0000-000000006506,OTHERS,163.51477887977478,3463.2984068975707,MIA
315967496.81857216,00000000-0000-0000-0000-000000006510,OTHERS,162.8530216298794,3464.439042228185,MIA
315967496.81857216,00000000-0000-0000-0000-000000006491,OTHERS,110.92523614353223,3512.2940493645892,MIA
315967496.81857216,00000000-0000-0000-0000-000000006512,OTHERS,58.851537263654976,3459.103291598879,MIA
315967496.81857216,00000000-0000-0000-0000-000000006488,OTHERS,114.06894221322014,3428.978181376057,MIA
315967496.81857216,00000000-0000-0000-0000-000000006528,OTHERS,112.78588863813246,3542.304210009499,MIA
315967496.81857216,00000000-0000-0000-0000-000000006509,OTHERS,131.37712229385514,3492.8072285599737,MIA
315967496.81857216,00000000-0000-0000-0000-000000006534,OTHERS,181.366702325226,3463.8151698256734,MIA
315967496.81857216,00000000-0000-0000-0000-000000006535,OTHERS,114.72654487012224,3502.7180926377623,MIA
315967496.81857216,00000000-0000-0000-0000-000000006542,OTHERS,113.35561849302609,3528.8948673473938,MIA
315967496.9202534,00000000-0000-0000-0000-000000000000,AV,125.24721311469885,3474.911541922905,MIA
315967496.9202534,00000000-0000-0000-0000-000000006047,OTHERS,122.84259629743549,3459.81224635578,MIA
315967496.9202534,00000000-0000-0000-0000-000000006462,OTHERS,117.61053243441229,3404.9200582357344,MIA
315967496.9202534,00000000-0000-0000-0000-000000006476,OTHERS,117.1602030676194,3428.330060942277,MIA
315967496.9202534,00000000-0000-0000-0000-000000006475,AGENT,126.6035565249763,3446.6226543101625,MIA
315967496.9202534,00000000-0000-0000-0000-000000006494,OTHERS,124.26100294825103,3426.5106175491314,MIA
315967496.9202534,00000000-0000-0000-0000-000000006495,OTHERS,115.94166353228943,3465.532071104532,MIA
315967496.9202534,00000000-0000-0000-0000-000000006511,OTHERS,157.8191621813755,3464.1286822413285,MIA
315967496.9202534,00000000-0000-0000-0000-000000006501,OTHERS,164.82292408400346,3465.289161354233,MIA
315967496.9202534,00000000-0000-0000-0000-000000006471,OTHERS,123.39960180357815,3443.068080997492,MIA
315967496.9202534,00000000-0000-0000-0000-000000006506,OTHERS,162.87014344422218,3465.092199263939,MIA
315967496.9202534,00000000-0000-0000-0000-000000006510,OTHERS,163.4023245043163,3463.226110234623,MIA
315967496.9202534,00000000-0000-0000-0000-000000006491,OTHERS,110.95327652010464,3511.026116647745,MIA
315967496.9202534,00000000-0000-0000-0000-000000006512,OTHERS,58.650151049694564,3459.084170881189,MIA
315967496.9202534,00000000-0000-0000-0000-000000006490,OTHERS,117.83758524927609,3489.987125724333,MIA
315967496.9202534,00000000-0000-0000-0000-000000006534,OTHERS,181.2930196113046,3463.706527252233,MIA
315967496.9202534,00000000-0000-0000-0000-000000006488,OTHERS,114.0689422129357,3428.9781813869813,MIA
315967496.9202534,00000000-0000-0000-0000-000000006528,OTHERS,112.87927690906452,3541.1078850679187,MIA
315967496.9202534,00000000-0000-0000-0000-000000006509,OTHERS,131.37115377555236,3492.7137629445256,MIA
315967496.9202534,00000000-0000-0000-0000-000000006535,OTHERS,114.81405960762493,3501.277324047178,MIA
315967496.9202534,00000000-0000-0000-0000-000000006542,OTHERS,113.42696540775744,3527.936156763524,MIA
315967497.0190891,00000000-0000-0000-0000-000000000000,AV,125.2133978218396,3475.982022292523,MIA
315967497.0190891,00000000-0000-0000-0000-000000006047,OTHERS,122.80653281522676,3461.185830426553,MIA
315967497.0190891,00000000-0000-0000-0000-000000006462,OTHERS,117.92148669251878,3403.461705737282,MIA
315967497.0190891,00000000-0000-0000-0000-000000006475,AGENT,126.53222866858653,3448.099754376043,MIA
315967497.0190891,00000000-0000-0000-0000-000000006494,OTHERS,124.30953702147892,3428.2114634423065,MIA
315967497.0190891,00000000-0000-0000-0000-000000006495,OTHERS,116.0702477039519,3463.8046628593243,MIA
315967497.0190891,00000000-0000-0000-0000-000000006511,OTHERS,159.50744545211757,3464.376803227179,MIA
315967497.0190891,00000000-0000-0000-0000-000000006509,OTHERS,131.35510143732284,3492.497642513535,MIA
315967497.0190891,00000000-0000-0000-0000-000000006510,OTHERS,163.40232450395285,3463.2261102455464,MIA
315967497.0190891,00000000-0000-0000-0000-000000006491,OTHERS,111.08340155065832,3509.6452109623033,MIA
315967497.0190891,00000000-0000-0000-0000-000000006512,OTHERS,58.780722000849856,3459.109289275254,MIA
315967497.0190891,00000000-0000-0000-0000-000000006476,OTHERS,117.16020306719965,3428.3300609532275,MIA
315967497.0190891,00000000-0000-0000-0000-000000006542,OTHERS,113.52409432372305,3526.421206349033,MIA
315967497.0190891,00000000-0000-0000-0000-000000006488,OTHERS,113.3613435921657,3426.2736478174265,MIA
315967497.0190891,00000000-0000-0000-0000-000000006528,OTHERS,112.82084947739605,3539.7556521698657,MIA
315967497.0190891,00000000-0000-0000-0000-000000006535,OTHERS,114.89306824453472,3499.713374446261,MIA
315967497.0190891,00000000-0000-0000-0000-000000006471,OTHERS,123.39752070695828,3443.331323628698,MIA
315967497.0190891,00000000-0000-0000-0000-000000006506,OTHERS,162.87014344386014,3465.092199274863,MIA
315967497.0190891,00000000-0000-0000-0000-000000006490,OTHERS,117.82202254913472,3489.315659969505,MIA
315967497.0190891,00000000-0000-0000-0000-000000006534,OTHERS,181.2930196109415,3463.7065272631453,MIA
315967497.11944664,00000000-0000-0000-0000-000000000000,AV,125.1809216396668,3477.049351936827,MIA
315967497.11944664,00000000-0000-0000-0000-000000006047,OTHERS,122.77331638512749,3462.534532827462,MIA
315967497.11944664,00000000-0000-0000-0000-000000006462,OTHERS,117.6825255349093,3402.0544391541725,MIA
315967497.11944664,00000000-0000-0000-0000-000000006488,OTHERS,113.36134359170336,3426.2736478283946,MIA
315967497.11944664,00000000-0000-0000-0000-000000006494,OTHERS,124.33674875963541,3429.311327356993,MIA
315967497.11944664,00000000-0000-0000-0000-000000006495,OTHERS,116.03917128570974,3462.86318567956,MIA
315967497.11944664,00000000-0000-0000-0000-000000006511,OTHERS,157.1986786554364,3464.2620218439165,MIA
315967497.11944664,00000000-0000-0000-0000-000000006475,AGENT,126.55213750261292,3448.64032858562,MIA
315967497.11944664,00000000-0000-0000-0000-000000006509,OTHERS,131.34538574558565,3492.364384045547,MIA
315967497.11944664,00000000-0000-0000-0000-000000006510,OTHERS,161.66441412810855,3464.548359261669,MIA
315967497.11944664,00000000-0000-0000-0000-000000006491,OTHERS,111.07920942733357,3508.35581530702,MIA
315967497.11944664,00000000-0000-0000-0000-000000006512,OTHERS,58.72617174810596,3459.1700205600127,MIA
315967497.11944664,00000000-0000-0000-0000-000000006542,OTHERS,113.42406555404972,3524.7070213105294,MIA
315967497.11944664,00000000-0000-0000-0000-000000006471,OTHERS,123.36988108505615,3444.712178112069,MIA
315967497.11944664,00000000-0000-0000-0000-000000006506,OTHERS,162.87014344386014,3465.092199274863,MIA
315967497.11944664,00000000-0000-0000-0000-000000006535,OTHERS,114.82649641884527,3498.228214056345,MIA
315967497.11944664,00000000-0000-0000-0000-000000006490,OTHERS,117.93281036387094,3488.472518310852,MIA
315967497.11944664,00000000-0000-0000-0000-000000006534,OTHERS,181.29301961057843,3463.706527274057,MIA
315967497.11944664,00000000-0000-0000-0000-000000006528,OTHERS,113.0927684351837,3538.506814178128,MIA
315967497.2191364,00000000-0000-0000-0000-000000000000,AV,125.14536216620728,3478.2239777650097,MIA
315967497.2191364,00000000-0000-0000-0000-000000006462,OTHERS,117.60314278526212,3400.3591053278265,MIA
315967497.2191364,00000000-0000-0000-0000-000000006488,OTHERS,113.76115250587743,3423.422753318772,MIA
315967497.2191364,00000000-0000-0000-0000-000000006494,OTHERS,124.25673878565122,3430.457845510623,MIA
315967497.2191364,00000000-0000-0000-0000-000000006495,OTHERS,116.03210833030286,3461.6486892656435,MIA
315967497.2191364,00000000-0000-0000-0000-000000006511,OTHERS,158.16682556724888,3464.366372156235,MIA
315967497.2191364,00000000-0000-0000-0000-000000006475,AGENT,126.4643964849059,3450.2431639624897,MIA
315967497.2191364,00000000-0000-0000-0000-000000006555,OTHERS,107.79042315963235,3584.0556752944954,MIA
315967497.2191364,00000000-0000-0000-0000-000000006509,OTHERS,131.34538574558565,3492.364384045547,MIA
315967497.2191364,00000000-0000-0000-0000-000000006510,OTHERS,161.66441412775052,3464.5483592725677,MIA
315967497.2191364,00000000-0000-0000-0000-000000006491,OTHERS,111.03949741131031,3507.08256526773,MIA
315967497.2191364,00000000-0000-0000-0000-000000006512,OTHERS,58.883928570467475,3458.999758194333,MIA
315967497.2191364,00000000-0000-0000-0000-000000006535,OTHERS,114.71459838750964,3497.0007334641577,MIA
315967497.2191364,00000000-0000-0000-0000-000000006471,OTHERS,123.35592351640655,3445.749022980885,MIA
315967497.2191364,00000000-0000-0000-0000-000000006506,OTHERS,162.87014344386014,3465.092199274863,MIA
315967497.2191364,00000000-0000-0000-0000-000000006047,OTHERS,122.68836646860666,3463.931209076652,MIA
315967497.2191364,00000000-0000-0000-0000-000000006490,OTHERS,117.9580911616103,3487.84959969504,MIA
315967497.2191364,00000000-0000-0000-0000-000000006534,OTHERS,181.24284073127026,3463.8903316937644,MIA
315967497.2191364,00000000-0000-0000-0000-000000006542,OTHERS,113.60050784544396,3523.2661677024616,MIA
315967497.2191364,00000000-0000-0000-0000-000000006528,OTHERS,112.94262356845364,3537.3131023866217,MIA
315967497.3185307,00000000-0000-0000-0000-000000000000,AV,125.11350808029894,3479.2894477880864,MIA
315967497.3185307,00000000-0000-0000-0000-000000006462,OTHERS,117.60314278501195,3400.359105338753,MIA
315967497.3185307,00000000-0000-0000-0000-000000006490,OTHERS,118.02042105385544,3487.1536443988043,MIA
315967497.3185307,00000000-0000-0000-0000-000000006488,OTHERS,117.75153215901798,3419.4931021080306,MIA
315967497.3185307,00000000-0000-0000-0000-000000006494,OTHERS,124.20152508346716,3431.4902650286267,MIA
315967497.3185307,00000000-0000-0000-0000-000000006495,OTHERS,116.09794148917095,3460.404687103899,MIA
315967497.3185307,00000000-0000-0000-0000-000000006511,OTHERS,157.457201235253,3464.2418816378804,MIA
315967497.3185307,00000000-0000-0000-0000-000000006475,AGENT,126.27412609346771,3452.312785569013,MIA
315967497.3185307,00000000-0000-0000-0000-000000006555,OTHERS,107.79042315963235,3584.0556752944954,MIA
315967497.3185307,00000000-0000-0000-0000-000000006509,OTHERS,131.34047641783198,3492.1309598555736,MIA
315967497.3185307,00000000-0000-0000-0000-000000006510,OTHERS,161.6644141273934,3464.5483592834694,MIA
315967497.3185307,00000000-0000-0000-0000-000000006491,OTHERS,111.17637946803272,3505.5559111093708,MIA
315967497.3185307,00000000-0000-0000-0000-000000006512,OTHERS,58.78137063226893,3459.050180009002,MIA
315967497.3185307,00000000-0000-0000-0000-000000006535,OTHERS,114.80140020633057,3495.369196140918,MIA
315967497.3185307,00000000-0000-0000-0000-000000006471,OTHERS,123.29419933256851,3447.9119406003692,MIA
315967497.3185307,00000000-0000-0000-0000-000000006047,OTHERS,122.66787558915672,3465.29372161354,MIA
315967497.3185307,00000000-0000-0000-0000-000000006534,OTHERS,181.31335642224136,3463.913427564798,MIA
315967497.3185307,00000000-0000-0000-0000-000000006542,OTHERS,113.67761059589023,3521.967194276627,MIA
315967497.3185307,00000000-0000-0000-0000-000000006528,OTHERS,113.11580664774613,3536.1355556598187,MIA
315967497.4180424,00000000-0000-0000-0000-000000000000,AV,125.08431348887434,3480.3569390471253,MIA
315967497.4180424,00000000-0000-0000-0000-000000006462,OTHERS,117.60314278476112,3400.3591053496784,MIA
315967497.4180424,00000000-0000-0000-0000-000000006490,OTHERS,118.11245319121063,3486.4467043257337,MIA
315967497.4180424,00000000-0000-0000-0000-000000006488,OTHERS,117.6876363185865,3418.053700764244,MIA
315967497.4180424,00000000-0000-0000-0000-000000006494,OTHERS,124.16390193354349,3432.532982632736,MIA
315967497.4180424,00000000-0000-0000-0000-000000006495,OTHERS,116.114634250675,3459.115893412709,MIA
315967497.4180424,00000000-0000-0000-0000-000000006511,OTHERS,157.09631847989547,3464.2471286697582,MIA
315967497.4180424,00000000-0000-0000-0000-000000006475,AGENT,126.27328616478536,3453.755885280932,MIA
315967497.4180424,00000000-0000-0000-0000-000000006555,OTHERS,107.89567334420151,3581.4339993841827,MIA
315967497.4180424,00000000-0000-0000-0000-000000006509,OTHERS,131.3102530067661,3492.006342957237,MIA
315967497.4180424,00000000-0000-0000-0000-000000006491,OTHERS,110.96986597710136,3504.371908945908,MIA
315967497.4180424,00000000-0000-0000-0000-000000006512,OTHERS,58.440271267886104,3459.4386559585528,MIA
315967497.4180424,00000000-0000-0000-0000-000000006542,OTHERS,113.74445489831585,3520.5294149570386,MIA
315967497.4180424,00000000-0000-0000-0000-000000006471,OTHERS,123.15398714877267,3449.232041840378,MIA
315967497.4180424,00000000-0000-0000-0000-000000006047,OTHERS,122.59796778211617,3466.6797254526145,MIA
315967497.4180424,00000000-0000-0000-0000-000000006534,OTHERS,181.3133564219089,3463.913427575761,MIA
315967497.4180424,00000000-0000-0000-0000-000000006535,OTHERS,114.76462791171518,3494.0728418378058,MIA
315967497.4180424,00000000-0000-0000-0000-000000006528,OTHERS,113.15514656667447,3535.0155507123845,MIA
315967497.4180424,00000000-0000-0000-0000-000000006510,OTHERS,161.66441412703702,3464.548359294367,MIA
315967497.5188247,00000000-0000-0000-0000-000000000000,AV,125.05463071346864,3481.4263633295923,MIA
315967497.5188247,00000000-0000-0000-0000-000000006462,OTHERS,117.603142784511,3400.359105360604,MIA
315967497.5188247,00000000-0000-0000-0000-000000006471,OTHERS,123.07361799953831,3450.5001409857805,MIA
315967497.5188247,00000000-0000-0000-0000-000000006490,OTHERS,118.06825354506964,3486.0589158911635,MIA
315967497.5188247,00000000-0000-0000-0000-000000006488,OTHERS,117.50225687045703,3416.5713604439857,MIA
315967497.5188247,00000000-0000-0000-0000-000000006494,OTHERS,124.09668374807444,3433.66340981242,MIA
315967497.5188247,00000000-0000-0000-0000-000000006495,OTHERS,116.24145190471977,3457.809197942317,MIA
315967497.5188247,00000000-0000-0000-0000-000000006511,OTHERS,156.58369562130298,3464.2441382902007,MIA
315967497.5188247,00000000-0000-0000-0000-000000006475,AGENT,126.191614826782,3455.123149154035,MIA
315967497.5188247,00000000-0000-0000-0000-000000006555,OTHERS,107.81345197128948,3580.178855961013,MIA
315967497.5188247,00000000-0000-0000-0000-000000006509,OTHERS,131.3102530067661,3492.006342957237,MIA
315967497.5188247,00000000-0000-0000-0000-000000006491,OTHERS,110.9606069174505,3502.9885448373493,MIA
315967497.5188247,00000000-0000-0000-0000-000000006512,OTHERS,59.186603084966364,3458.812012809802,MIA
315967497.5188247,00000000-0000-0000-0000-000000006047,OTHERS,122.54598712017021,3468.097664558665,MIA
315967497.5188247,00000000-0000-0000-0000-000000006534,OTHERS,181.313356421578,3463.913427586722,MIA
315967497.5188247,00000000-0000-0000-0000-000000006542,OTHERS,113.77424896189896,3519.167896725788,MIA
315967497.5188247,00000000-0000-0000-0000-000000006535,OTHERS,114.88277624847193,3492.6616688715703,MIA
315967497.5188247,00000000-0000-0000-0000-000000006528,OTHERS,113.10179804001991,3534.0176703389147,MIA
315967497.61845833,00000000-0000-0000-0000-000000000000,AV,125.02251734917057,3482.491476699124,MIA
315967497.61845833,00000000-0000-0000-0000-000000006471,OTHERS,123.14855117250877,3450.776791319462,MIA
315967497.61845833,00000000-0000-0000-0000-000000006490,OTHERS,118.12757387964962,3485.5036135108535,MIA
315967497.61845833,00000000-0000-0000-0000-000000006488,OTHERS,117.50225687025444,3416.5713604549005,MIA
315967497.61845833,00000000-0000-0000-0000-000000006494,OTHERS,124.08438302207695,3434.912955709623,MIA
315967497.61845833,00000000-0000-0000-0000-000000006495,OTHERS,116.26192068560164,3456.565287038398,MIA
315967497.61845833,00000000-0000-0000-0000-000000006511,OTHERS,155.59382868805753,3463.9825291178945,MIA
315967497.61845833,00000000-0000-0000-0000-000000006475,AGENT,126.27458375353912,3455.78114056132,MIA
315967497.61845833,00000000-0000-0000-0000-000000006555,OTHERS,107.81345197128948,3580.178855961013,MIA
315967497.61845833,00000000-0000-0000-0000-000000006542,OTHERS,113.69429412274496,3518.1113180475427,MIA
315967497.61845833,00000000-0000-0000-0000-000000006561,OTHERS,157.56673773979063,3464.9701104938576,MIA
315967497.61845833,00000000-0000-0000-0000-000000006491,OTHERS,111.01495025573851,3501.73966695904,MIA
315967497.61845833,00000000-0000-0000-0000-000000006512,OTHERS,59.186603084676044,3458.8120128205965,MIA
315967497.61845833,00000000-0000-0000-0000-000000006047,OTHERS,122.5029856011494,3469.461352741788,MIA
315967497.61845833,00000000-0000-0000-0000-000000006509,OTHERS,131.28655454355123,3491.9209209056,MIA
315967497.61845833,00000000-0000-0000-0000-000000006534,OTHERS,181.3133564212471,3463.9134275976835,MIA
315967497.61845833,00000000-0000-0000-0000-000000006535,OTHERS,114.85681861532792,3491.3008768615528,MIA
315967497.61845833,00000000-0000-0000-0000-000000006528,OTHERS,113.32269478580533,3532.6853765866413,MIA
315967497.71730536,00000000-0000-0000-0000-000000000000,AV,124.98759366090658,3483.6660970428443,MIA
315967497.71730536,00000000-0000-0000-0000-000000006471,OTHERS,123.09018974861642,3451.955118147182,MIA
315967497.71730536,00000000-0000-0000-0000-000000006490,OTHERS,118.13646111431505,3485.001929014077,MIA
315967497.71730536,00000000-0000-0000-0000-000000006488,OTHERS,117.50225687004671,3416.571360465817,MIA
315967497.71730536,00000000-0000-0000-0000-000000006494,OTHERS,124.01830016326844,3436.112714955288,MIA
315967497.71730536,00000000-0000-0000-0000-000000006495,OTHERS,116.18887613085184,3455.8092661447145,MIA
315967497.71730536,00000000-0000-0000-0000-000000006511,OTHERS,155.67122914659356,3463.828484471117,MIA
315967497.71730536,00000000-0000-0000-0000-000000006475,AGENT,126.21848597910551,3457.3029395033427,MIA
315967497.71730536,00000000-0000-0000-0000-000000006542,OTHERS,113.827387075961,3516.839588589793,MIA
315967497.71730536,00000000-0000-0000-0000-000000006561,OTHERS,156.9020727451497,3464.906310310791,MIA
315967497.71730536,00000000-0000-0000-0000-000000006047,OTHERS,122.44081256652849,3470.79775035575,MIA
315967497.71730536,00000000-0000-0000-0000-000000006491,OTHERS,111.06238993767737,3500.458929190841,MIA
315967497.71730536,00000000-0000-0000-0000-000000006512,OTHERS,59.18660308438116,3458.8120128313926,MIA
315967497.71730536,00000000-0000-0000-0000-000000006509,OTHERS,131.27476017008692,3491.702173033697,MIA
315967497.71730536,00000000-0000-0000-0000-000000006535,OTHERS,114.8624362237217,3490.0793662586884,MIA
315967497.71730536,00000000-0000-0000-0000-000000006528,OTHERS,113.37153172252796,3531.439068823925,MIA
315967497.71730536,00000000-0000-0000-0000-000000006555,OTHERS,107.81345197128948,3580.178855961013,MIA
315967497.81905115,00000000-0000-0000-0000-000000000000,AV,124.95645718005308,3484.732245045232,MIA
315967497.81905115,00000000-0000-0000-0000-000000006471,OTHERS,122.9525491012941,3454.274987938837,MIA
315967497.81905115,00000000-0000-0000-0000-000000006490,OTHERS,118.0865484056964,3484.5478941803117,MIA
315967497.81905115,00000000-0000-0000-0000-000000006488,OTHERS,117.50225686983944,3416.571360476735,MIA
315967497.81905115,00000000-0000-0000-0000-000000006494,OTHERS,123.96712410138036,3437.218892811669,MIA
315967497.81905115,00000000-0000-0000-0000-000000006495,OTHERS,116.13297897127741,3454.8830101171666,MIA
315967497.81905115,00000000-0000-0000-0000-000000006475,AGENT,126.17607156285351,3458.7439425507814,MIA
315967497.81905115,00000000-0000-0000-0000-000000006560,OTHERS,161.15582023784347,3465.016879717863,MIA
315967497.81905115,00000000-0000-0000-0000-000000006542,OTHERS,113.84869563220384,3515.6268685281634,MIA
315967497.81905115,00000000-0000-0000-0000-000000006561,OTHERS,156.20949457909074,3464.8436924715947,MIA
315967497.81905115,00000000-0000-0000-0000-000000006047,OTHERS,122.38713699917906,3472.1972427039173,MIA
315967497.81905115,00000000-0000-0000-0000-000000006491,OTHERS,111.10438170849852,3499.1780010839266,MIA
315967497.81905115,00000000-0000-0000-0000-000000006512,OTHERS,59.18660308408642,3458.812012842189,MIA
315967497.81905115,00000000-0000-0000-0000-000000006535,OTHERS,114.92239248835163,3488.75355580641,MIA
315967497.81905115,00000000-0000-0000-0000-000000006528,OTHERS,113.29828058642448,3530.3775145509253,MIA
315967497.81905115,00000000-0000-0000-0000-000000006509,OTHERS,131.2174254387772,3491.5902162994257,MIA
315967497.81905115,00000000-0000-0000-0000-000000006555,OTHERS,107.81345197128948,3580.178855961013,MIA
315967497.918517,00000000-0000-0000-0000-000000000000,AV,124.9248584805635,3485.8018434687046,MIA
315967497.918517,00000000-0000-0000-0000-000000006471,OTHERS,123.00302250384085,3455.41428523636,MIA
315967497.918517,00000000-0000-0000-0000-000000006490,OTHERS,118.27210935708037,3484.0279887154193,MIA
315967497.918517,00000000-0000-0000-0000-000000006491,OTHERS,111.15313971059359,3497.7605616730384,MIA
315967497.918517,00000000-0000-0000-0000-000000006494,OTHERS,123.82448839127686,3437.8401641995265,MIA
315967497.918517,00000000-0000-0000-0000-000000006495,OTHERS,115.97388657002136,3453.9857536622662,MIA
315967497.918517,00000000-0000-0000-0000-000000006475,AGENT,126.11362936544552,3460.739515179009,MIA
315967497.918517,00000000-0000-0000-0000-000000006047,OTHERS,122.34840607630592,3473.6647127995793,MIA
315967497.918517,00000000-0000-0000-0000-000000006568,OTHERS,111.66852421806713,3577.732266893504,MIA
315967497.918517,00000000-0000-0000-0000-000000006560,OTHERS,159.32937368618144,3464.7574081362627,MIA
315967497.918517,00000000-0000-0000-0000-000000006542,OTHERS,113.9070441834832,3513.857360331228,MIA
315967497.918517,00000000-0000-0000-0000-000000006561,OTHERS,155.69183789812098,3464.153598564657,MIA
315967497.918517,00000000-0000-0000-0000-000000006535,OTHERS,114.97750026918811,3487.3269848411146,MIA
315967497.918517,00000000-0000-0000-0000-000000006567,OTHERS,112.17003149653715,3560.6434974141466,MIA
315967497.918517,00000000-0000-0000-0000-000000006528,OTHERS,113.34666240631807,3529.293662131161,MIA
315967497.918517,00000000-0000-0000-0000-000000006509,OTHERS,131.20218471357677,3491.4777054347082,MIA
315967498.01703864,00000000-0000-0000-0000-000000000000,AV,124.89325168317127,3486.8715385043406,MIA
315967498.01703864,00000000-0000-0000-0000-000000006471,OTHERS,122.83592854449059,3456.873157666437,MIA
315967498.01703864,00000000-0000-0000-0000-000000006490,OTHERS,118.27870609077014,3483.686518655317,MIA
315967498.01703864,00000000-0000-0000-0000-000000006491,OTHERS,111.22219581673836,3496.4866275194067,MIA
315967498.01703864,00000000-0000-0000-0000-000000006494,OTHERS,123.91392582733124,3439.4417536170836,MIA
315967498.01703864,00000000-0000-0000-0000-000000006495,OTHERS,115.97388656971373,3453.9857536731874,MIA
315967498.01703864,00000000-0000-0000-0000-000000006561,OTHERS,155.69183789812098,3464.153598564657,MIA
315967498.01703864,00000000-0000-0000-0000-000000006475,AGENT,126.10350458736782,3461.620345335239,MIA
315967498.01703864,00000000-0000-0000-0000-000000006047,OTHERS,122.29088430615549,3475.020358190933,MIA
315967498.01703864,00000000-0000-0000-0000-000000006568,OTHERS,111.65687215352192,3576.3123448609276,MIA
315967498.01703864,00000000-0000-0000-0000-000000006560,OTHERS,159.32937368618144,3464.7574081362627,MIA
315967498.01703864,00000000-0000-0000-0000-000000006542,OTHERS,114.01662095938556,3512.799305093389,MIA
315967498.01703864,00000000-0000-0000-0000-000000006556,OTHERS,158.8849727401805,3464.759572241533,MIA
315967498.01703864,00000000-0000-0000-0000-000000006535,OTHERS,114.97605581989866,3486.2167001687676,MIA
315967498.01703864,00000000-0000-0000-0000-000000006567,OTHERS,111.9355757095738,3559.4315961997886,MIA
315967498.01703864,00000000-0000-0000-0000-000000006528,OTHERS,113.59923818037191,3528.394344591468,MIA
315967498.01703864,00000000-0000-0000-0000-000000006509,OTHERS,131.20218471357677,3491.4777054347082,MIA
315967498.1169958,00000000-0000-0000-0000-000000000000,AV,124.85845900680016,3488.042655475368,MIA
315967498.1169958,00000000-0000-0000-0000-000000006471,OTHERS,122.86596987694992,3457.220215783133,MIA
315967498.1169958,00000000-0000-0000-0000-000000006490,OTHERS,118.07720706443683,3483.294623923694,MIA
315967498.1169958,00000000-0000-0000-0000-000000006491,OTHERS,111.28452243652642,3495.1378903512623,MIA
315967498.1169958,00000000-0000-0000-0000-000000006535,OTHERS,115.06528201609272,3484.6136706312745,MIA
315967498.1169958,00000000-0000-0000-0000-000000006568,OTHERS,111.5074230926028,3574.924543741973,MIA
315967498.1169958,00000000-0000-0000-0000-000000006542,OTHERS,114.02903419622982,3511.253938970207,MIA
315967498.1169958,00000000-0000-0000-0000-000000006047,OTHERS,122.21941552066065,3476.3891485930767,MIA
315967498.1169958,00000000-0000-0000-0000-000000006475,AGENT,126.03092078820058,3462.9119007875506,MIA
315967498.1169958,00000000-0000-0000-0000-000000006567,OTHERS,112.26808782004295,3557.972545060201,MIA
315967498.1169958,00000000-0000-0000-0000-000000006528,OTHERS,113.43226060944859,3527.6294634971227,MIA
315967498.1169958,00000000-0000-0000-0000-000000006494,OTHERS,123.83350472021192,3440.807270383799,MIA
315967498.1169958,00000000-0000-0000-0000-000000006509,OTHERS,131.11578284482968,3491.288203377137,MIA
315967498.1169958,00000000-0000-0000-0000-000000006495,OTHERS,115.97388656940771,3453.9857536841064,MIA
315967498.21626514,00000000-0000-0000-0000-000000000000,AV,124.82656541912952,3489.1130130428755,MIA
315967498.21626514,00000000-0000-0000-0000-000000006471,OTHERS,122.77856535836193,3458.8764010153727,MIA
315967498.21626514,00000000-0000-0000-0000-000000006490,OTHERS,118.35061639877384,3482.887386986305,MIA
315967498.21626514,00000000-0000-0000-0000-000000006491,OTHERS,111.35278425353692,3493.815737650916,MIA
315967498.21626514,00000000-0000-0000-0000-000000006535,OTHERS,115.0159179731953,3483.7965748921165,MIA
315967498.21626514,00000000-0000-0000-0000-000000006568,OTHERS,111.5074230926028,3574.924543741973,MIA
315967498.21626514,00000000-0000-0000-0000-000000006542,OTHERS,114.0645166992864,3509.5863389001524,MIA
315967498.21626514,00000000-0000-0000-0000-000000006047,OTHERS,122.06894601757764,3477.8325471795642,MIA
315967498.21626514,00000000-0000-0000-0000-000000006475,AGENT,126.06859039033053,3463.94202032923,MIA
315967498.21626514,00000000-0000-0000-0000-000000006567,OTHERS,112.13341834361479,3556.4743810586865,MIA
315967498.21626514,00000000-0000-0000-0000-000000006528,OTHERS,113.533060758971,3526.4054376055165,MIA
315967498.21626514,00000000-0000-0000-0000-000000006494,OTHERS,123.66612701752571,3441.144260315959,MIA
315967498.21626514,00000000-0000-0000-0000-000000006509,OTHERS,131.11578284482968,3491.288203377137,MIA
315967498.21626514,00000000-0000-0000-0000-000000006495,OTHERS,115.97388656910047,3453.9857536950262,MIA
315967498.3164191,00000000-0000-0000-0000-000000000000,AV,124.79423083077951,3490.181668603222,MIA
315967498.3164191,00000000-0000-0000-0000-000000006047,OTHERS,122.0923379786774,3479.3266678873124,MIA
315967498.3164191,00000000-0000-0000-0000-000000006471,OTHERS,122.81571568468915,3460.7436373799683,MIA
315967498.3164191,00000000-0000-0000-0000-000000006490,OTHERS,118.53744939716896,3482.757680257828,MIA
315967498.3164191,00000000-0000-0000-0000-000000006542,OTHERS,114.19076579978136,3508.395408363686,MIA
315967498.3164191,00000000-0000-0000-0000-000000006535,OTHERS,115.12420491272356,3482.549558781804,MIA
315967498.3164191,00000000-0000-0000-0000-000000006491,OTHERS,111.3697248978192,3492.545694501565,MIA
315967498.3164191,00000000-0000-0000-0000-000000006568,OTHERS,111.67701115102064,3572.397756452921,MIA
315967498.3164191,00000000-0000-0000-0000-000000006567,OTHERS,112.13341834361479,3556.4743810586865,MIA
315967498.3164191,00000000-0000-0000-0000-000000006528,OTHERS,113.54636279626699,3525.125872092334,MIA
315967498.3164191,00000000-0000-0000-0000-000000006494,OTHERS,123.81511557887251,3443.1676193212543,MIA
315967498.3164191,00000000-0000-0000-0000-000000006475,AGENT,126.01020595623794,3465.7314534224042,MIA
315967498.3164191,00000000-0000-0000-0000-000000006509,OTHERS,131.11578284482968,3491.288203377137,MIA
315967498.41732264,00000000-0000-0000-0000-000000000000,AV,124.76248768155342,3491.247580024309,MIA
315967498.41732264,00000000-0000-0000-0000-000000006047,OTHERS,121.92897598682451,3480.6068338815962,MIA
315967498.41732264,00000000-0000-0000-0000-000000006471,OTHERS,122.70241749120231,3461.3688982382896,MIA
315967498.41732264,00000000-0000-0000-0000-000000006490,OTHERS,118.52333189821682,3482.387263754081,MIA
315967498.41732264,00000000-0000-0000-0000-000000006491,OTHERS,111.82128332949185,3491.5617718225567,MIA
315967498.41732264,00000000-0000-0000-0000-000000006475,AGENT,125.91251505524352,3467.483237341601,MIA
315967498.41732264,00000000-0000-0000-0000-000000006568,OTHERS,111.59993210878211,3570.8102970723994,MIA
315967498.41732264,00000000-0000-0000-0000-000000006535,OTHERS,115.16084588829331,3481.1107349539125,MIA
315967498.41732264,00000000-0000-0000-0000-000000006542,OTHERS,114.2360708857263,3507.056082866986,MIA
315967498.41732264,00000000-0000-0000-0000-000000006567,OTHERS,112.35156189513641,3553.7909746096034,MIA
315967498.41732264,00000000-0000-0000-0000-000000006528,OTHERS,113.57271123918389,3523.9555934700484,MIA
315967498.41732264,00000000-0000-0000-0000-000000006494,OTHERS,123.66420425626123,3444.643788933761,MIA
315967498.41732264,00000000-0000-0000-0000-000000006509,OTHERS,131.0865517087482,3491.1176872552364,MIA
